introduction	nickName	popularity	sumBidAmount	sumSelfBidAmount	userId	yieldRate	sumBidAmountDetail	registerDate
拍拍贷9年投资经验，累积年化收益率20%以上	日久	2505	54587441	1707074	53648	18.3	10955729	12/7/2008
多年策略舵手，大数据好策略收益稳定！ 每月策略优化，不断提高收益降低逾期！	Mr.蒋 	2388	34912729	78949	6110694	12.92	3819565	5/3/2015
20余年IT从业经历，2011年投资网贷。通过软件长期跟踪分析主流平台，擅长数据深度挖掘，风格严谨。	山海之间	2311	40139877	270120	29423072	13.99	12675423	8/2/2016
投资拍拍贷3年，积累原始借款数据千万，黑名单数据数十万。生成策略年化保持在较高收益区间！	财神驾到	2289	60361512	5650	9773933	19.03	5016648	10/16/2015
2016年进拍拍贷，入场就开始收集分析数据，很快使用自定义策略投信用标，取得不错的收益。作为策略市场第一批策略师，策略积累了有效的历史数据。	天意	2202	70387851	431426	26983373	18.31	4012735	6/28/2016
投资拍拍贷已经快3年了，投资本金200多万，相信我的选标策略能够提高你的收益。	耿晓	2129	49203979	1057309	5533456	12.79	14745336	3/19/2015
资产增值除了需要耐心与时间，还需要些许智慧与经验。而我，负责提供给您专业级的智慧与经验。	崔璨	1981	47098866	945280	28864256	16.12	8619186	7/25/2016
投资拍拍贷近三年，早期投赔一年多，后转信，多维度数据分析获得的投标策略安全可靠抗风险能力强，目前每月当月收益率均在17-20%之间，累计收益率将稳步提升，策略回溯逾期率情况详见策略师说	重剑无锋	1933	20433283	126783	15397976	14.23	3582367	11/3/2015
2015年5月注册拍拍贷，投资拍拍三年来，散标策略投资经验丰富，目前除去坏账累计年化收益良好。	大海	1887	71375175	1213548	6400652	17.13	11377906	5/21/2015
本人在拍拍贷投资获利已超百万，深度熟悉拍拍贷各种标的数据，能够在拍拍贷规则范围内，为大家选出最佳策略	兔司机	1740	27781539	38751	25920507	18.35	15022352	6/11/2016
专业研发10年，长期研究信用标策略，使用商业大数据工具分析数据，寻找高收益低风险策略。	碧竹青柳	1687	50853182	440739	2686199	17.67	4050661	8/11/2014
8年金融从业经验，就职大型综合金融公司从事研究和管理工作，让客户得到安全满意的增值服务是职业的使命。	小西瓜	1675	31531970	285811	32582519	16.49	13022729	9/14/2016
拍拍贷多年投资经验，专业玩自定义散标，历史成绩理想。	温州农民	1670	32924694	268296	24382358	17.82	11975010	5/19/2016
不用担心平台跑路，我认识了拍拍；进而发现自身的努力，可以获得更高的收益，我被其吸引。开始研究自定义，分析数据成为我的生活的一部分，并总结了数套有效的策略。开启我的策略，安心为咱普通人财务自由之路助力。	一线远	1657	40653252	517665	19511204	15.8	3596666	2/13/2016
2014年投资拍拍贷到现在已经接近4个年头，从投资人保障计划到现在的第三方和策略师，经历了太多变化，现在是个烧脑的年代了，希望我的策略能帮助大家。	零摄氏度	1550	39080096	172836	1405477	15.87	6936517	12/31/2013
严格选标，兼顾适当的投标量，追求可实现的高收益。	刀锋	1497	47487192	291060	48561175	16.52	4978910	4/1/2017
来到拍拍贷已经两年多了，拍拍已经成为我每天工作生活的一部分，甚至觉得拍拍贷理财可以成为一种生活方式：既工作又娱乐。	捂热一天	1497	28092334	2511353	6082549	16.67	23747826	5/1/2015
2015年底 加入拍拍贷。次年6月潜心研究散标。通过数据分析，观察其中的变化细节，推导得出不少优秀策略和规则。并定期检查逾期率变化，以预测未来的趋势。	夏目SAM	1439	37504319	854882	17024135	15.26	6624388	12/13/2015
投资拍拍贷2年多，从刚开始的手动选标，到自定义策略选标，对各种纬度深刻了解，掌握大量数据，来做出高收益低逾期的策略。	眼镜	1431	34711780	54002	16295340	19.83	4223250	11/25/2015
不求最高收益，但求稳定收益，4年拍拍贷投资经验，熟知拍拍贷变和不变，带着大家稳定盈利。	BIGGHOST	1411	42392235	842667	1007324	16.64	7995838	4/6/2013
本人从12年进入拍拍贷，见证了拍拍从没落到辉煌的全征程，也让我收获满满。本人策略风格不冒险追求绝对稳定收益再不断完善改进以达到赚钱目的。	完美世界	1407	29062612	28674	910628	17.1	4313307	11/11/2012
2013年投资拍拍贷至今，期间不离不弃，收获投资收益逾百万。同拍拍贷一起成长与收获。	随风行	1386	38989365	131000	1300672	19.42	12857552	11/18/2013
多年网贷经验，擅长研究、分析数据，投资收益高！财富的增长是智慧与时间发酵的结果，不停下学习与探索的脚步，让你我一同去追寻财富的稳定增值吧！	在路上	1369	13634648	19104	44195163	18.67	5580129	2/13/2017
网贷7年，多账号总投资过千万，擅长在标量和逾期率中寻找最佳平衡点，寻找优质标，策略有时会满员，关注并点开“策略师说”，会有邀请码和策略变更说明	韶华倾富	1314	49068078	298331	19317831	19.01	6624804	2/2/2016
金融行业数据分析从业人员，拍拍贷总投资近千万，综合考虑逾期率和投标量，策略自用。	阿摩司	1302	45089343	608719	43580269	13.41	10414742	2/4/2017
"2013年来拍拍贷投资,持续复投,累计年化收益率16%,实现资产4年翻番.投资经验丰富,和大家分享."	sk632	1285	20525123	47920	959136	14.84	10629205	1/2/2013
多年财务管理工作经验，擅长数据分析，深入策略研究，作风稳健，选标严谨，追求长期稳定的收益。	重车双乘	1275	17450286	493080	22065775	18.11	3961659	4/9/2016
投资拍拍贷已经两年多，期间花了很多精力研究拍拍贷信用标策略，并积累了大量经验，很好的控制了信用标坏账率，取得较高的收益率！	一梦千年	1248	58478469.43	10996	5580104	20.51	13198368	3/23/2015
10年网贷经验，在PPD总投资达500万以上，散标累计千万以上。利用多维度筛选借款人，形成自定义策略，在茫茫标的“大海”中选择最优质标的， 具有丰富的独到的经验。备注：策略动态及邀请码请参见“策略师说”。	南有乔木	1240	16978650	454222	34018475	15.5	4935039	10/5/2016
15年10月注册拍拍贷，17年4月研究自定义，开始成百上千次的回测，基本每一个微小变量的变化都曾回测比对过进行分析，不过度挖掘数据，以避免陷入偶然性的陷阱。	虔诚的Rumi	1229	24861538	278625	15286073	16.69	17576230	10/30/2015
985本科学历，4年网贷投资经验，拍拍贷累计信用标投资金额600万以上，累计收益接近30万，长期使用研究自定义，擅长数据分析，作风稳健，选标严谨。	卢瑟团	1207	46871588	97483	31464418	16.68	6871343	8/30/2016
多年的小额信贷审批经验，在某大型P2P平台任职，了解信审风控的关键点。通过对借款人综合资质的筛选，即保证投标量，又能有效控制坏账率。	即视感	1187	44394136	207390	42745757	14.71	5241567	1/19/2017
通过对历史数据的研究，熟知各历史指标对逾期的影响！我的策略定能给您带来稳定高额收益！	地狱天使	1173	26580237	286961	19276607	17	3964217	2/1/2016
拥有多年的选标经验，追求稳定收益，分享经典策略！	一抹阳光	1162	9003841	121714	19506495	16.23	5818188	2/13/2016
在控制逾期率的同时，搭配较好的标量，做逾期率和标量比较平衡的策略。	共赢	1148	49672474	2108582	3755489	21.19	9735889	9/22/2014
三年投资老鸟，累计坏账不到收益的10%，从手选到工具，深刻理解拍拍贷的每一次变化，在拍拍贷上市的风口，我们一起资产翻倍	戳戳龙	1137	53818081	300	3958686	18.99	4202496	10/10/2014
策略师本人重拍拍贷超级铁粉，所有账户加起来，累计收益超过320万。此策略求稳为主，标量适中，不放水不坑人，自己也多账号在跟投。	枫之哀伤	1134	26587265	320738	18717032	17.16	23130126	1/20/2016
2013年注册拍拍贷。通过对投标数据和逾期标数据的对比分析，可以发现各投标维度对逾期率的影响。实战效果尚可。希望我的成果可以帮到大家。	大智若鱼	1077	20459687	12824	1105872	20.59	6286838	7/9/2013
十年金融投资经验，在拍拍贷投资期间，采用稳健进取的策略，取得了不错的收益，希望和大家一起进步成长，实现财富增值。	桃饱	1059	16736983	170884	3968068	15.86	3720335	10/11/2014
自2015年投资拍拍贷以来，通过深入不断地挖掘逾期数据和黑名单数据特点，来更加细化自己的投标策略，实现更加完美的投资收益率，深信财富来源于智慧。	Ganesha	1057	45460736	793644	9309015	14.28	3299666	10/1/2015
证券从业10余年，成功在15年牛市逃顶，拍拍贷投资2年左右，收益较高，论坛投资笔记分享活动投票第一名	萧山飞狐	1054	16786606	140481	18975915	14.37	31799628	1/26/2016
钟情于拍拍贷投资，对其有深刻的理解，以投资信标为主，已经获得不错的收益。	一触即发	1048	33048533	583020	23004842	16.39	9288553	4/25/2016
基于大数据和维度选择，追求稳妥投资，精选优质借款人和优质标的，以力争降低坏账，从而提高投资人收益为最大目的！	盛唐崛起	1025	37061588	471576	35329834	14.81	6040228	10/22/2016
2012年注册拍拍贷，5年投资拍拍贷经历，擅长数据挖掘。作风稳健。本策略自用为主，不追求投标量！	慢慢长大	998	17910646	760701	899416	14.94	13989706	11/3/2012
从事网络金融四年，投资拍拍贷虽然只有一年多，积累很多原始借款数据及筛选策略的经验，从失败中一步一步走过来。	凯旋	991	5376094	80728	35231443	13.23	7332332	10/21/2016
投资拍拍贷两年，由兴趣爱好变成了一种生活方式，对拍拍贷有一种难以割舍的情感，希望和拍拍贷共同成长。	红双喜	984	27710219	211482	31260911	12.61	4633731	8/27/2016
金融科技从业者，加入拍拍2年多以来，坚持自定义，收益稳定。	青云	979	28753324	369229	19543566	19.85	12943985	2/15/2016
计算机专业背景，10余年数据挖掘从业经验，擅长大数据分析。4年P2P投资经历。2015年开始投资拍拍贷，通过对信用标的多维度投标及历史数据分析，积累了丰富的标的信息，逐渐建立了稳健的投标模型。	向内行走	977	34329969	618365	17521918	12.95	5780585	12/25/2015
来自浙江义乌，从事外贸行业，偶遇拍拍也是种缘分，希望大家都可以拿到满意的收益	乌伤游侠	971	43465648	384065	38461381	16.48	4262959	11/30/2016
经过不断的学习研究散标，参透了散标各维度对逾期的影响，并通过自定义投标加以验证，取得了较好的收益率。	君子兰	951	25666161	627243	44338776	19.77	11236426	2/15/2017
投资P2P已经5年多，信用标策略主要为了给自己和朋友使用有一个相对稳定的收益，赔标策略为了迎合大家喜好设置的3-6月标。	曾经也有理想	924	28394642	540448	51964139	19.97	11378340	5/11/2017
"多年网贷投资经验,拍拍贷总投资规模500万以上,累计投资千万以上. 深入策略研究,风格稳健.优选标的,追求长期回报.本策略师获得拍拍贷论坛""                                "	他山之石	913	16741488	251047	31561231	19.86	14909542	8/31/2016
10年大数据分析经验，4年拍拍贷投资经历，400万投资数据，擅长数学模型和分析	仗剑江湖	897	10569094	587749	1580525	15.36	8606666	3/7/2014
多年拍拍贷投资经验，擅长数据分析，自定义投标经验丰富。	平凡的人	894	10243175	308229	18032727	16.16	6002039	1/6/2016
2016年9月开始使用自定义策略，积累了丰富的选标经验，取得了较高的收益。	绝世好妈	883	5012518	101435	29033788	18.85	4850344	7/27/2016
2016年5月进入拍拍贷投资，一直坚持使用自定义策略投标，积累了大量的策略设计方面的经验，在拍拍贷的投资收益保持较高的稳定。	zcfull	869	21555129	159779	19835106	22.62	14690888	2/23/2016
2013年就注册了拍拍，从手动投标开始，各种投标方法都经历过。形成了自己稳健的选标策略，总投资额超千万，已收利息超百万。	老师付	869	10524360	753015	1269704	15.7	19252746	11/2/2013
资深拍拍贷投资人，19年股票基金投资经验，5年外汇投资经验，4年半各种P2P平台投资经验。计算机加财务双学历背景，自己编写程序进行统计，用数据指导决策。作风稳健，追求稳定基础上的较高收益。	大胖兔	851	27719909	229277	5638037	10.48	23836353	3/27/2015
坚持投资拍拍信标近3年，从大数据中多维度找出更优质的借款人，实现收益最大化	全家福	808	8647861	105089	15349274	20	4268494	11/1/2015
经过长期投信用标，对于信用标的选择有着充分的理解，会对您的资产平稳增值有所帮助	刘蓉	785	22780615	230525	20556554	17.59	4170087	3/10/2016
投资拍拍贷整4年，在经历早期高坏账后，逐渐形成了几套成熟投标策略，有效控制逾期坏账，用我的策略维持稳定的预期收益	aiyehui	775	5866378	123337	2241651	21	3542425	6/25/2014
日久见人心！驴托	熬胶	769	4336538	141431	39776371	19.59	3020172	12/17/2016
投资多年，数据积累，经验丰富。	开心奶爸	745	4184770	94170	19414145	18.88	8063598	2/7/2016
长期投资拍拍贷，专注于从大数据中挖掘统计规律，回溯建立量化模型，精于投资策略的设计及收益分析，追求长期稳定的高收益。以诚为本，行以致远。	拍大富	743	34662025	276440	49348686	21.48	6015088	4/10/2017
长江后浪推前浪！拍拍贷九年老用户，铁杆投资人，您值得信赖！	沙滩	727	5111846	226558	63752	14.18	9824958	2/3/2009
作为金融学研究生的专业人士，各种投资经历已有十多年。在拍拍贷三年多的投资经验，管理的几个账号总投出了上千万金额，摸索着各种维度优劣。分享高收益低逾期率策略，一起获取满意的投资回报吧！	秋天	719	2414165	170343	25313049	18.49	7482621	6/2/2016
2015年投资拍拍贷至今，追求稳定基础上的较高收益，期间不离不弃，和拍拍贷一起成长，作风稳健。投资净收益逾80万以上，累计投标金额超过1400万元。	一起成长	713	11630492	471158	7945416	17.74	14295807	8/14/2015
多年拍拍贷投资经验，累计投资金额数百万，熟悉各种维度优劣，分享高收益低逾期策略，一起获取高额投资回报	曼尼	702	16245845	351943	16185934	19.5	16475899	11/23/2015
从2013年开始接触网贷，在拍拍贷上有5年以上的投资经验，长期累计收益率保持在18%左右，投资经验比较丰富	修生养息	688	7812121	794473	936038	18.17	5741595	12/6/2012
丰富的信用标投标经历，为你带来超高收益。	hzzkf	687	5863613	394952	17186850	16.43	10994994	12/17/2015
资深投资人，擅长精算逾期数据，分析挖掘，调整最优参数。	SHARP木木	681	8077381	248490	511442	17.01	4517865	12/9/2011
2013年投资至今，经历拍拍贷的全部发展历程，坚定看好拍拍贷发展模式。拥有多年投资经验，策略灵活，底线思维。	marinefish	641	17461717	409113	987650	13.24	5452849	3/2/2013
投资拍拍贷3年，从开始的全赔标小白到信标自定义达人，坚持大数据分析、多维度筛选，获取高收益。	蓝色天空	641	5373726	74699	8704407	17.3	4156736	9/11/2015
进入拍拍投资后，坚持信标自定义。对官网自动投标、三方策略、债转工具都有涉猎。追求收益与风险均衡。	宽心	618	7706441	254724	47745685	18.71	2997720	3/24/2017
大家好，很高兴认识大家，我已在拍拍贷投资接近三年，利息收入已过百万	全营一杆枪	604	5764036	474309	15486366	14.83	25286400	11/5/2015
通过对散标的潜心分析研究，积累了丰富的策略设计经验，获得了较高的收益率。	向往安逸	602	7982429	505028	44328994	20.35	4117583	2/15/2017
5年拍拍贷投资经验，已还清和收款中标数接近5倍，策略稳定性已经时间考验，收益率多年稳定在17%到20%。	策略大师	583	3764076	152854	1131549	18.44	4226697	8/1/2013
2016年5月接触上海拍拍贷，投资最初金额10万元左右，现在投资金额是110万以上。主要投资信用标和小部分赔标及债权，效果很好。	神清气爽	561	1994445	39170	23090828	17.25	4446910	4/27/2016
投资拍拍贷2年，从开始的全赔标小白到信标自定义达人，坚持大数据分析、多维度筛选，获取高收益。	散修2705	559	2597862	54807	29292279	19.15	6984136	7/31/2016
老用户，一直坚持散标投资。收益稳定，逾期低。	Jack 	557	3306521	369354	821707	14.44	7158201	8/31/2012
通过拍拍贷的信用标，能获得稳定、持续的收益。	咖啡豆	556	17677490	238367	41565404	13.13	3332268	1/7/2017
IT职业经理，多年投资经理。加入拍拍贷两年，善长细致分析及高收益标的。	张毅	556	5548588	68460	8750375	13.43	6286361	9/13/2015
拍拍每天都在创新，每天进步一点点。投资拍拍，深刻体会终身学习，积极进取才是拍拍永恒主题。	暗香	551	9618792	189120	42847283	18.41	3513172	1/20/2017
~~~~	飞8侠	550	1582582	0	18267633	13.94	1049994	1/11/2016
2015年开始投资拍拍贷，虽历经风雨无数，却始终不离不弃，秉持价值投资，理性投资，长期投资的理念，坚信拍拍贷是实现财务自由的捷径。	海边的云	549	3359563	23422	8902950	13.78	8287554	9/18/2015
拍拍贷是少数让人安心的大平台，到拍拍贷获取超额收益是我们的目标，精选策略，稳健前行，与大家共勉！	多戈	542	3863223	328033	18309465	15.15	6161893	1/12/2016
会计出生，喜欢研究各种数据，从杂乱无章中找出规律和线索，这也是拍拍贷信标的乐趣所在	BlueEyes	516	32022326	470978	31897898	17.4	3945640	9/5/2016
长期信用标投标经历，注重高质量标的挖掘。	amelia336	509	8137385	612227	38785279	15.9	11527044	12/4/2016
投信标两年，略有心得。希望自己的策略带领大家稳定获利	zwcwl	500	10139258	220006	42987459	15.02	4991667	1/22/2017
多年拍拍贷投资经验，分析各种维度优劣，高收益低逾期，可以获取较高额投资回报。	童话	498	9358216	464924	29394783	14.5	2708786	8/1/2016
4年多拍拍贷投资经验，程序化选标，稳定盈利。	桩子	494	4035445	403941	989200	17.43	8647991	3/5/2013
投资拍拍，痴迷拍拍。二年投资拍拍不仅收获了财富见证拍拍成长，越来越觉得拍拍是一所不可能毕业的大学。优化策略如终是个人努力的方向	三天三夜	493	3595143	440317	41177424	19.13	5298160	1/3/2017
多年投资经验，擅长IT信息技术和数据分析。作风稳健，追求稳定的收益。拍拍贷论坛2018年4月单月账单奖的第三名。更多信息请看本页面的“策略师说”。	明镜止水	484	8339056	666331	53490111	17.82	5692255	5/27/2017
名校工科硕士，从事IT行业，软件开发十余年，5年p2p投资经验，擅长数据分析。投资风格稳健，充分利用优质第三方策略，以及在拍拍贷积累的投资经验，形成自己的投资风格。拍拍贷投资口号：一切靠数据说话！	我心飞翔	481	5652206	57021	38037452	17.86	6693575	11/24/2016
从赔标起步，到用自定义策略投资信用标，一直坚持稳健投资风格。希望我的策略也能助你稳健收益。策略更新说明和邀请码，请看“策略师说“。	拍拍乐	480	6212469	76653	35741912	14.88	4715225	10/27/2016
2016年开始投资拍拍贷，累计收益率16.11	fengwei	466	2982503	24044	20094109	16.11	5879436	2/29/2016
"2017开始投资P2P,偏保守型投资人"	落花人独立	452	6859123	214143	49981729	15.45	4657508	4/18/2017
擅长金融及股权投资，拥有国内外多个P2P等投资经验，在拍拍贷收益保持长期稳健。	乙小	438	3795152	95956	19963424	18.93	5130325	2/26/2016
投资拍拍贷2年多，从刚开始的手动选标，到自定义策略选标，对各种纬度深刻了解，掌握大量数据，来做出高收益低逾期的策略。	青阳	434	4350522	7451	28522405	20.46	3176299	7/20/2016
从投资拍怕贷开始就研究信用标策略，回测了大量自定义策略，了解和掌握了各种条件对逾期的影响，并不断的优化了自己的策略，取得了较好的收益率。	匆匆多年	407	6774134	51314	47780069	21.51	7082819	3/24/2017
丰富的信用标投标经历，给自己和大家带来超高收益！	群群策略师	404	8599217	964791	44177028	16.26	20278080	2/13/2017
自从投资拍拍贷以来，一直长期坚持自定义选标，投标维度紧随行情调整，保证了最大收益率和资金利用率的动态平衡，获得了较高的稳定收益。	seset	393	5479204	829122	3996158	16.64	4640542	10/15/2014
多年拍拍信标投资经验。精于数据分析，构建自已独特的投资纬度模型精选投资标的，从而获得稳定的投资收益。让我们一起投资拍拍贷见证复利的力量！	秋丰	391	2883915	229013	21308368	15.59	4781144	3/25/2016
资深互联网大型系统研发架构师，具有丰富的大数据从业经验和金融产品投资经验，希望给大家带来稳健收益！	Chuan	389	5181765	0	15123713	12.01	16693331	10/26/2015
稳健投资，保证标量的同时保证较高收益，名下账户累计投资上千万。	黑人	389	2119188	59073	37061183	19.13	6342210	11/12/2016
投资1年多了，小有收获。希望形成自己的投资风格，取得稳定的收益。	小芳	383	5668406	1103509	56174665	15.15	10803233	6/25/2017
有缘的自然有缘，愿远离世俗，还一片净土	BW之一念之间	379	6534859	22488	58397970	15.79	5494771	7/17/2017
"多年投资经历,优x大数据,加投资策略,定的长期投资收益。"	弗{克	379	5924632	247765	33669110	14.55	8902373	9/29/2016
2015年进拍拍贷以来，一直有不错的收益，拍拍贷一直是我满仓或者绝对重仓的选择，当然为了活动，也会分别用几个账号来出借	像风一样自由	379	2702960	20752	44251953	13.84	4011292	2/14/2017
低风险偏好，稳定增值是我的信条	sissie	377	2245749	149058	47587823	17.39	4740875	3/22/2017
基于打造稳健的投资策略	神医策略	361	2283603	35698	8013378	18.4	3893793	8/17/2015
入驻拍拍贷投资一年多，通过精心研究信用投标策略，获得了令人满意的年化收益率	满意红利	343	1310571	240108	53578421	17.06	7542564	5/28/2017
投资网贷、基金、股票、期货等投kw资品种十多年，积累了丰富的投资经验。虽然投资拍拍贷一年多，但从开始的手动筛选投标中积累了丰富的经验，投入资金也从刚开始的几万发展到二百多万。	智赢	338	3210434	199445	22165625	17.61	8431084	4/10/2016
拍拍贷多年老客户，大数据分散选标，定期优化	金盾侠	336	2226796	56226	4727111	14.55	6078991	12/22/2014
"选择大于努力,思路决定出路,观念决定命运,梦想照亮人生"	宁远	335	2698042	855515	22264983	16.29	4739215	4/12/2016
2年拍拍贷信标投资经验，侧重数据分析，追求投资风险和回报比重控制	老刀	335	2054596	116300	43698483	18.18	2661198	2/6/2017
在估值和风险中寻找最佳平衡，在策略和统计中获取最大盈利。	估值大师	332	5278928	61691	42331629	20.88	5148511	1/15/2017
2016年10月开始投资拍拍贷，长期跟踪研究第三方和自定义投标策略，深知拍拍贷的风控纬度变化；累计收益超过140万元，实现稳定高收益。	星辰大海	331	982073	360824	34238214	17.59	34440081	10/8/2016
"本人从事经贸工作,喜爱钻研投资理财,15年4月始投互金,15年10月始投拍拍贷,17年11月底玩自定义。不断改进策略，效果显著。至今家庭多账户自定义循环投标超1000万，逾期率很低；290天已过，年化收益显示在25%以上。"	财富这边独好	330	3490378	374845	7659960	17.24	11246905	8/1/2015
"多年互联网金融网络实战经验，时常关注金融与管理的业务知识，通过软件长期跟踪分析主流平台，是PPD平台爱好者,追求稳健高收益。"	起早一步	320	2377320	133880	49024206	16.11	3587036	4/7/2017
近2年投资经验，自用策略，大家放心使用。	果汁分你一半	316	2274859	53213	43197859	15.79	6158700	1/25/2017
多年网贷投资经验，熟知各投标维度对逾期的影响，专注于从大数据中挖掘统计规律，追求长期稳定的高收益。	闪电	316	1774697	604137	28057338	18.48	7713532	7/14/2016
本人有很多年理财经验，并且这一年来有多个自定义策略运行结果，最近一年实际计算收益率在17左右	流苏	309	6924153	56129	64609035	19.07	4530486	9/16/2017
金融从业12年，对金融大环境和周期非常敏感，只给投资人我最好的策略	诚实豆沙包	302	3741118	242312	7656098	14.47	7651328	8/1/2015
一入拍拍深似海 策略选标不茫然	无明	301	1791214	25894	20496357	15.77	27247086	3/9/2016
投资拍拍贷到现在，经历了太多变化，做策略非常烧脑，经过这几年的投资，我通过做数据分析，逾期分析，投标量等等的统计分析，总结了自己的策略方向，希望能通过策略师平台帮助大家，有一个好的收益。	icefly	298	3477359	159313	27409106	15.8	3268356	7/5/2016
投资拍拍贷多年，历史收益超过15%	理财达人	297	6929645	167536	28003570	18.04	5082499	7/13/2016
一个拍拍贷忠实用户，本着为自己财富认真负责，从茫茫P2P海中选择了拍拍贷，从茫茫信用标中选出好的标的，希望在未来和各位拍友收货满仓！	米多喜多	297	1665125	0	42385990	14.83	7178118	1/16/2017
多年投资经验，稳健投资风格达到利益最大化	一花一世界	296	1911582	18983	4671497	17.01	5071963	12/16/2014
职业金融投资人，多年金融投资经验，对P2P投资有深入的研究和独特的见解。通过大量数据多维度的层层筛选，已经形成一套完善的投资策略。能在稳定的前提下实现较高的投资收益。欢迎大家前来体验。	浪淘沙	286	2244692	476025	17012040	18.55	3592634	12/12/2015
拍拍贷投资3年，在投资金200多万，专攻散标	独狼	285	2795804	0	41297949	17.19	4501709	1/4/2017
会计、财务专业背景，2011年进入拍拍贷投资，骨灰级客户，收益率稳健。投资就像长跑，不要在意起跑速度，长期保持稳定收益才是最重要的，时间会给您带来惊喜！	分分添财	285	1884995	41323	454737	14.9	2534698	9/28/2011
本人王文周，系河北省沧州市盐山县一中数学教师，2015年加入拍拍贷，一下就喜欢上了拍拍贷的投资模式，目前投资近70万，看到了拍拍贷招收策略师，我就积极报名，想把自己的经验，以策略的方式分享给大家。	wwzh1965	275	4361200	103018	17189336	13.56	3685252	12/17/2015
三年拍拍投资经验，累计投资1500万，收益18+以上。	散步的鱼	273	1819166	98692	25518598	19.38	25000296	6/5/2016
投资p2p多年，有丰富的理财经验。喜欢拍拍贷散标形式，保持稳定增长收益。	带你飞	267	1744203	185412	51665293	26.72	3125471	5/8/2017
热衷于金融理财。希望通过理性分析实现财富增长。	haozi	264	1497433	30291	18766275	15.08	9616485	1/21/2016
多年拍拍投资经历，目前累计年化收益19%+	苏州红枫叶	260	2750997	74178	29151882	20.12	5575337	7/29/2016
绝对自用策略，经近2年实践印证	赖皮皮	257	2616094	146724	36370520	15.46	5063631	11/4/2016
投资拍拍贷多年，通过自身实践及大数据的研究，熟知各投标维度对逾期的影响！策略稳健，保持良好收益率！	周秦汉唐	257	1766337	18546	31045588	11.87	6190683	8/24/2016
"2015开始投资拍拍,收益大家有目共睹,希望我的策略可以给大家带来合理满意的收益."	随心	250	1307413	55320	6295756	15.47	2600380	5/15/2015
本人上海某大学副教授，理学博士。策略自用为主，欢迎使用。	道法自然	247	4348262	1015813	51111665	15.93	7471020	5/2/2017
谨慎，谨慎，不求一夜暴富，但求天长地久，重要的话说三遍。	大鱼海棠	247	1484034	191952	63968498	14.45	3660052	9/10/2017
投资拍拍贷已有3个年头，本着稳健投资理念，投资基本把握一半赔一半信，至今信标投资近千万	hansgang	241	1242392	247132	17889024	14.87	10994959	1/3/2016
二十余年理财及相关经验，思维细致慎密。加入拍拍贷两年多，获得17以上收益，希望与大家共享、共勉！	无来去处	240	1427441	167280	17558057	14.4	3586869	12/26/2015
对拍拍的信标，懂得敬畏，有如履薄冰的谨慎态度和战战兢兢的戒惧意念，但并不意味着停滞不前，敬畏与前进并行。	敬畏金融	236	1850397	0	51022626	16.69	2888918	5/1/2017
多年拍拍投资经验，同大家共同学习	黑色老鼠	234	2212377	584278	1360819	12.8	6065069	12/14/2013
收益越大风险越大，合理控制风险，追求稳定收益。投资需谨慎。	楼下猫	227	2154785	16405	34048367	14.22	5630015	10/5/2016
多年拍拍经验，个人同时跟投	珠穆朗玛	226	3771016	393639	29112634	13.67	6065830	7/28/2016
p2p投资人	晶晶	223	1064672	160198	57992187	18.86	2440196	7/12/2017
统计学硕士、资深投资人	wangsirchu	217	808841	460177	774643	15.61	17009732	5/24/2012
2016年开始投资拍拍贷，从刚开始的一无所知，只追求高利率的散标，到经历了大量逾期，开始注重标的整体风险管控。投资风格从此一步步的走向理性和成熟。希望我的策略能帮您获得稳健可持续的收益。	Garrett	208	2869768	553587	1265568	13.38	5039917	10/31/2013
2016年开始投资拍拍贷，逐渐摸索出相对低逾期的策略，希望可以帮大家取得好的收益。	木木	191	2134927	88686	33393253	17.66	2986113	9/25/2016
多年各种P2P平台理财经验	最爱灰太狼	187	2503932	266888	22172815	13.79	4527252	4/10/2016
"2015年1月投资拍拍贷,主要信用标投资,通过几年积累,总结一定经验,与大家共享稳定收益."	风雨无阻	182	2158474	81949	5003090	14.07	8687983	1/16/2015
本人专注信用标自定义投资多年，争做18%+金牌策略，带领大家一起做聪明的投资者！	聪明的投资者	176	2469889	4200	29773335	18.71	8826437	8/7/2016
十几年投资经验，2013年开始接触并投资P2P，2016年，2017年P2P收入占个人总收入60%以上。	M计划	162	568291	3047	44049413	9.86	2758297	2/11/2017
计算机网络专业，曾任职财务总监，对数据有深入洞察力，喜欢研究拍拍贷优质策略，挖掘其中有价值的规律，并经过长期实践验证，形成优中选优的策略。投资口号：站在巨人的肩膀，你会看得更远！	鹤舞白沙	161	1476699	59668	38154418	16.81	3724898	11/26/2016
"专注于历史数据统计与数据分析, 倾向于稳重偏严苛的策略选择, 争取获得大概率稳定收益."	山里人	158	3251173	220904	8134624	18.29	5717583	8/22/2015
本人2013年开始投资P2P，2015年正式投资拍拍贷，长期潜心研究借款人各项指标对逾期率的影响，积累了丰富的投资经验。	光明使者	149	3674953	347740	15637936	14.99	11044062	11/9/2015
2016年进入拍拍贷投资，一直以自定义投标为主，积累了大量投标策略经验，在拍拍贷的投资收益保持高的稳定收益。	番茄	149	2269191	1043462	24490314	19.45	7378607	5/21/2016
问道于风，凭心远行	问道于风	143	2466628	162517	29221235	14.41	2986108	7/30/2016
在拍拍贷投资近两年，通过借鉴老司机的选标经验、进行大量的数据分析和投标实践，不断完善投标策略，获得非常满意的年化收益率。	圆满收益	139	2900805	17576	45511401	16.78	18863456	2/28/2017
作为一名会计师，长期致力于大数据统计分析，对拍拍贷散标积累了丰富的投资经验。策略宗旨：条件严苛，不求数量，追求收益，只为自用。	会计师	138	1210013	176757	23341481	13.36	3265582	5/1/2016
有丰富的P2P投资经验，2015年开始投资PPD，对自动投标策略有长期的使用经验和独到见解，路遥知马力，日久见人心。	行大运	134	3164994	755990	8491375	15.31	11884959	9/4/2015
10余年金融从业经历，对小额信用借款的风险点及防范措施有深入研究，投资风格稳健，追求长期稳定收益。	传奇	132	1147917	18010	38573111	16.26	2198093	12/1/2016
本人多年研究拍拍贷自定义投标，愿给大家奉献本人最好策略。	么么达	128	810936	239552	16788059	15.07	3697690	12/7/2015
自认识了p2p以后，现在投资只有p2p和定投。	春华秋实	125	1633847	209736	30992228	14.44	4891626	8/23/2016
多年的拍拍贷投资经验，一直帮亲友们打理资产，保持低逾期，实现着资产保值增值！您值得拥有！	姜太公	117	1704352	86680	23899681	17.11	3332571	5/11/2016
拍拍贷的超级铁粉~	红土地	112	2523056	593563	45605360	16.56	16476100	3/1/2017
本人2012年开始投资拍拍贷，有六年的投资经验，经过六年的投资能够很好的把握某些数据对逾期的影响，能够很好的控制逾期比例，达到高收益	小蓝	112	1676609	122415	895761	16.66	2693716	10/29/2012
2年拍拍贷数百万信标投资经验，擅长多维度数据分析，累计18%以上收益。主要自用	云淡风情	110	779081	335428	17021104	18.72	5918240	12/13/2015
2014年投资拍拍贷至今，通过大数据的研究，不断试错，投资收益稳定，希望我的投资策略给你带来稳这收益。	辉煌	108	1443877	242520	2584003	14.49	9058771	8/1/2014
因为看好拍拍贷的收益及安全性，所以重仓在这里，以前会混着赔标投资，收益比较稳定但是报酬率较低，因为大环境改善了，现在专投24利率标，我会根据投资市场的变化，调整投资策略设定，以提高最终报酬率。	老水手	108	920921	164769	35730206	16.36	5230346	10/27/2016
工作中长期与数字打交道，有多年的股票、ETF指数基金的交易经历，2016年初开始投资网贷，最终发现拍拍贷才是纯粹的P2P，现在主要自定义投信用标。	狙击手	107	533498	190511	61969199	16.05	3388098	8/22/2017
各个账户累计投标上千万，严控逾期	superred	103	1791346	103579	45606083	19.27	4413593	3/1/2017
互联网从业者，5年多网贷经验，希望和大家在拍拍贷共同进步，获取高收益。	浙江JR	100	1339396	266885	23476794	13.34	2986709	5/4/2016
近二十年数据统计分析工作，多年投资拍拍经验，策略经过老鸟的指点和时间的经验，使用收益很好。	完美宇宙	97	1320730	27150	63075705	18.54	2188527	9/1/2017
投资信标3年，略有小成	叶叶	95	1415349	49332	6900371	15.91	3110283	6/22/2015
长期投资拍拍贷，擅长历史数据回测，期望我的策略能给你带来好收益。	西虹剑客	91	965825	10507	48924899	20.12	3123640	4/6/2017
17年资深软件工程师，多家行业领先全球500强大公司经验，8年投资经验，3年拍拍贷多账号累计超千万资金投资经验，数百万量级标的记录数据库支持投资方向。	拍星星	90	1032765	73422	64650989	20.31	4176387	9/17/2017
本人一直使用自定义投标。在标量和逾期率之间寻找平衡点。稳健收益	sheren	88	452749	11320	45731188	19.19	2866426	3/2/2017
人生发财靠康波，且投且珍惜。	沸洋洋	87	344238	55115	61481418	21.56	6157117	8/17/2017
通过信用标多维度数据的分析统计，深入研究信用标策略，选标严谨，追求长期稳定的高收益。	暖风煦煦	86	1498947	155495	8665842	15.4	5525872	9/10/2015
拍拍贷最好玩也是很费神的是选标，几乎各种类型的标都投过，有收获也有教训。因为一直是坚持自定义投标，所以对如何选标有自己的策略和见解。申请策略师是为了多一个途径研究拍拍贷，能更好地投标和取得好成绩。	清清草	84	589550	37505	42206468	20	4188473	1/14/2017
985硕士毕业，从事投资十几年经验，能很好的利用大数据进行风险鉴别，非常适合拍拍贷的投资模式。	牛黄	82	2213777	5070	24469523	18.78	8724889	5/20/2016
路遥知马力，马托	岁进斗金	80	1466434	30924	66651250	17.25	3431287	10/7/2017
以过往投资数据记录为依据，沉稳追求可持续收益	银河飞沙	78	1283536	194577	59242701	15.15	4517475	7/26/2017
投资拍拍贷将近4年的老司机，寻求资产的稳健增长！	北关桥	77	2261574	233298	1890170	13.47	11024188	5/10/2014
多年投资经验，2016年进入拍拍贷后，通过不断的投标，对坏账的分析，取的了不错的投标收益。成为策略师后，希望给大家分析自己的收获，帮助更多人提高收益。	爱我中华	77	1607377	24838	18125895	18.21	3326366	1/8/2016
自用策略，放心使用！想要高收益，本策略为你保驾护抗。	恭喜发财	75	2171126	280974	21336823	18.26	5194651	3/26/2016
拥有在大型银行总行15年以上的工作经验，对零售信用风险管理有深刻的认识，对大数据分析具有丰富的专业知识。	Andy	75	569809	248662	18107010	14.34	9929413	1/8/2016
2015年开始投资拍拍贷，从最初的陪标转向信标，看中的就是拍拍贷的模式和未来对个人信用的完善。通过大数据不断试错，投资取得较稳定的成绩。	砥砺前行	73	2210427	32803	9529782	16.65	2771631	10/9/2015
策略主要是自用为主，也欢迎大户加入跟投~	人生如梦	72	2591133	592686	43506672	16.66	17740293	2/3/2017
长期稳定投资拍拍贷，通过对大数据，尝试过各种策略自定义，现在能很好的避免不良维度对标质量的影响，保证质量的情况下提高标量，本人收益受陪标影响会显的偏低	财富前行	72	883697	310070	38048926	18.76	5788380	11/24/2016
减少坏账比追求高利率更重要～	小花	71	241037	20930	9553099	15.26	3408412	10/10/2015
一身诗意千寻瀑	化学键	70	1476305	480	56220633	14.21	2225586	6/25/2017
10多年理财经验，收益颇丰，有完整的一年多个自定义策略运行结果，最近一年实际计算收益率在17左右	神龙	63	1910039	155344	63043789	17.5	6232661	9/1/2017
作为令人放心的平台之一，我2016年起投资了拍拍；进而发现自身的努力，可以获得很好的收益，希望能通过平台结交更多朋友，共同提高投资收益	紫电青鱼	63	675265	8853	35600267	13.77	7593353	10/25/2016
拍拍贷3年投资经验。累计年化收益率15%以上。日久见人心，用投资回报说话。	大巧不工	62	1170047	126621	9386277	15.81	7073540	10/4/2015
"用心做,好策略。"	阿搅	61	700636	190999	59372267	31.4	3135668	7/27/2017
"本人通过大数据分析策略，将自己当月收益率从3月份8.5%提升到了8月份的20%,每月还在稳固提高。通过不断优化，已分析出多个稳定，高收益的策略。"	唯一策略	60	1323795	86864	6289298	17.58	2405205	5/14/2015
拍拍贷累计投资多年，经验与数据结合	杰	59	387518	257075	762294	12.95	45130769	5/8/2012
精选学历散标	缘分	59	179848	13084	42128789	16.84	2480554	1/13/2017
拍拍贷多年投资经验，散标经验丰富，收益稳定。	Blue	56	665959	207115	33362360	19.57	14675291	9/25/2016
靠自定义收获丰厚的收益	戴眼镜的僧人	56	379925	35588	64811814	19.6	3176087	9/18/2017
低风险，追求稳定收益。	淡墨	55	644453	82775	59954630	17.13	3408763	8/2/2017
从2015年在家人的影响下来到拍拍贷，马上4年整了，从开初的只敢赔标，到后来的赔、信混合，到现在逐步全信，感谢拍拍贷让我有了财富的收获，学到了很多东西，我会一直坚持下去的。	小青年牛牛	54	1794147	127857	5013590	15.53	24874783	1/17/2015
兜兜转转，在拍拍混迹几年，愿意成为那只下蛋好吃的鸡。多说无益，数据说话。	金刚钻	54	606895	82333	246005	19.45	2481274	8/26/2010
我已经在拍拍贷投资三年了，积攒了丰富的投资经验，一直保持着不错的收益	懒猫	53	2441897	134030	25972700	16.26	5944430	6/12/2016
投资拍拍，不懈总结，深挖数据，稳健风格	山竹	53	519766	91220	56815354	18.79	9643658	7/1/2017
科学家爱因斯坦说过：世界上最厉害的武器不是原子弹，而是“时间+复利”。复利是人类已知的世界第八大奇迹！2011年接触网贷，4年拍拍贷投资经验，程序化投资，共创资本复利的价值！	时间+复利	52	1081466	112048	15667598	15.87	5687334	11/10/2015
2014年开始投资拍拍贷，至目前收益还不错，对于互联网金融这个行业的前景还是蛮看好的。	希望的光	50	537795	6380	3632164	14.47	4840897	9/11/2014
2017年开始投资拍拍贷，潜心研究投标策略，数据处理能力较强，取得了不错的收益率。	pingping	49	1134077	206148	64449525	16.47	7603736	9/15/2017
信标路漫漫，吾将上下而求索。	fftyro	49	921098	326629	1111073	19.32	11711950	7/14/2013
实战拍拍近二年，收益16+，资产150W，主攻信。	万家灯火	49	552775	113489	45961011	16.74	6231045	3/5/2017
升维思考 降维行动 精进自己 分享大家	神奇的熊猫	48	941797	185522	28956690	12.17	5228856	7/26/2016
随缘就好	随缘	48	730810	15630	60057018	13.48	2222163	8/3/2017
策略好就是硬道理	老刘	47	631332	75825	63250842	15.32	4352460	9/3/2017
"自己用的策略,希望和大家一起拍拍贷淘金"	为人民服务	46	919419	63453	27001577	14.92	7762680	6/29/2016
坚持用自定义策略在拍拍贷投标，对策略的维度分析比较了解。	猫美如画	46	702027	61207	48501391	18.69	3569381	4/1/2017
痴迷于信标投资，逐步感悟到其中的奥妙，愿我的投资带给大家稳定获利。	太阳升起	45	463981	6057	43408157	13.79	6694501	1/31/2017
理财经验十余载，对拍拍贷数据有深入的研究，善于数据挖掘与财务分析，利用数据合理规划投标质量	独孤求败	44	707077	25630	5558277	16.29	6682968	3/22/2015
掌握核心维度，获取高收益。	黑石头	44	678768	17654	64600426	18.53	3195184	9/16/2017
投资各类网贷平台7年，长于散标优选，优于浪里淘金，胜在避险求稳！追求稳健高收益是我们的共同目标(^_^)	大浪淘金	44	511179	45362	54775549	18.2	2878346	6/10/2017
"投资拍拍贷多年,从赔标到信用标,一步一个脚印,稳健投资."	彩虹周	42	410545	18646	32821925	16.62	2172490	9/18/2016
自用策略，欢迎试用	aitpi	41	1771233	118882	40755939	13.61	3424098	12/29/2016
投资拍拍贷3年了，几个账号投资本金1000多万，相信我的选标策略能够帮到你	剑侠四号	41	1005848	157047	9229817	14.49	17904092	9/29/2015
上世纪985工科大学毕业，擅长把握事物发展方向。超1000万投资金额，从陪标到信用标，一步一个脚印。	稳重大叔	41	949730	347701	7668654	13.24	10686918	8/2/2015
多年策略舵手，大数据好策略收益稳定！ 每月策略优化，不断提高收益降低逾期！	猫哥	40	460988	76091	62444710	17.58	2572429	8/26/2017
6年来专注拍拍贷信用标投资分析，累计年华收益率20+	最好的我们	39	647116	3150	905225	19.71	3618561	11/9/2012
计算机专业，擅长数据分析。2016年开始投资拍拍贷，走过一些弯路，也因此积累了宝贵的经验和原始数据，目标是希望获得持续和稳定的收益。	持之以恒	38	838499	66197	18103170	13.63	4159616	1/8/2016
加入拍拍贷一年以来，手动，第三方策略，官方策略都用过，最后还是自己学做策略，这样比较有下限保障。虽然年化收益率做到了18%以上，还是要小心翼翼，与大家共勉。	投之以木瓜	38	180099	29764	64673663	19.59	2493254	9/17/2017
入驻拍拍贷投资一年多，通过精心研究信用投标策略，获得了令人满意的年化收益率	淡彩	37	186507	120317	53938421	22.54	2585798	6/1/2017
女老顽童，从事投资几十年经验，股票，期货，现货，债权，p2p均有涉及，最近将绝大部分资产利用大数据投资拍拍贷。	美淑	36	837646	223421	30457560	18.03	3611776	8/16/2016
长期收益稳定超预算	稳赢增值	36	562740	28223	35727013	13.83	9291248	10/27/2016
 13年到现在拍拍贷多年累积的经验，熟知各种维度优劣，我相信我的策略能给您带来较为稳定的收益。	十万八千里	36	411967	110947	1157969	16.54	3123212	8/23/2013
本人从2016年注册拍拍贷投标，慢慢喜欢上拍拍贷这个平台，从投赔标慢慢开始投信标，现在收益渎意，愿意和大家分享我的策略。	杨柳青青	36	285943	42115	29997946	22.84	3449369	8/10/2016
在拍拍贷投资多年，最大的感受就是稳，其次收益高。	空谷清秋	36	89977	3270	4598324	13.51	4209844	12/8/2014
2016年初投资网贷，现在绝大部分全投资在拍拍贷，纯散标标占比98%以上，累计总投资400余万元，积累了丰富的选标经验	三到	35	1963071	368305	19565887	16.89	5727460	2/16/2016
持续投资拍拍贷好几年了，资金一直在增加。 追求稳健持续的收益。	源芳	35	993158	111249	2586273	15.73	3029692	8/1/2014
首次接触拍拍是在2010年，同时也多平台投资，我相信，随着大家对信用的认知程度提高，坏帐总有还掉的时候。真还不了，那就当是资助了。平时捐款我们不也是常做的么，与人空间和余地，潇洒人生。	米糊	35	713282	201850	212678	18.59	5199959	4/13/2010
拍拍贷理财1年多，和大家一起学习进步。	时光如梭	34	529244	115713	58497865	20.77	4282524	7/18/2017
做做看看，累积经验~	无锡拍友	33	1930363	718604	7664743	13.77	19847119	8/2/2015
糟老头一个，几十年投资经验，目前7成资产在拍拍贷，全部散标。	友藏爷爷	33	1423332	0	24468629	24.36	2697036	5/20/2016
2017年来到拍拍贷，从相识到相知，拍拍贷已经成为自己不能忘怀的好伙伴	火烧云	33	339871	33778	57418343	13.47	2735375	7/7/2017
全部投>20%信标，低待还，年轻无逾期	揽月小筑	33	207810	2060	20869172	18.19	3816686	3/16/2016
投资拍拍贷3年，投资600多万元，80%以上为信用标，选标经验丰富，取得了不错的收益。	心灵牧场	32	969093	221361	4975018	16.94	7100474	1/13/2015
专注信用标投资分析，注册至今，3年累年年华收益率21.2%	最好的一切	32	966199	84748	16456617	19.47	3323156	11/29/2015
IT达人，计算机系统性能分析师. 	小叶子	32	506926	382655	57125187	17.72	5729617	7/4/2017
自14年注册拍拍贷以来，自己始终谨慎谨微，珍惜自己的每一丁点的血汗，功夫不负有心人，自己琢磨的一些策略，一直保持在15%收益上下（追求再高一些的收益就只有另请高就了）。没有经过几年的收集和沉淀，不敢面人	嗨皮男孩	32	301155	32363	3616308	14.92	5844381	9/9/2014
2010年信息类985硕士研究生毕业，互联网创业者，5年互联网金融投资经验，拍拍贷资深投资者，擅长大数据金融分析，并运用数学建模思想优化投标策略，不断改进，以达到标量和收益率的最佳组合。	连创阳光	30	182525	121831	60317346	20.37	6805805	8/5/2017
金融从业人员，网贷5年、拍拍贷2年投资经历，追求风险收益与标量平衡。	晴天猪猪侠	29	424432	101523	57793395	19.69	4822234	7/10/2017
"20余年证券投资经验,自定义策略,自有资金投资信用标"	云龙	28	1633777	217312	24466571	14.54	4890893	5/20/2016
优化策略，稳定收益，跑赢大盘	豪哥	28	404336	114686	1869748	12.04	15093651	5/7/2014
多年拍拍贷投资经验，追求资产稳步增值	祝融峰火神	28	238069	19445	19561483	20.67	2836161	2/16/2016
15年金融与管理从业经历，2013年投资网贷。通过软件长期跟踪投资回报，擅长数据深度学习与挖掘。	智投	27	212856	175557	9698622	20.76	14435876	10/14/2015
本人常年从事财经类工作，有经济师和会计师职称，对国家财政金融政策的趋势走向有独到的见解，主张通过投资分享国家发展的红利。	海山一号	26	279599	0	51146929	13.19	5559719	5/2/2017
投资拍拍以来，通过对大量逾期标的分析，深入挖掘出不同维度对逾期率的影响，实现标的精选，最大化的降低逾期率，提高收益。	清风徐来	26	159248	63389	58560833	22.48	3584385	7/18/2017
2016年11月进入拍拍贷投资，因为看中高收益的可能，一直专注信标，从最开始一窍不通，到后来从前辈学习到了一整套选标经验，经过自己改进，投资收益率稳步上升。	reguluster	26	109875	42869	37299168	15.27	5304401	11/15/2016
实战拍拍一年多，收益颇多	我家老大	26	78094	34444	53921322	18.39	5320486	6/1/2017
投资综合年华收益18%+	高息低逾一号	24	914362	350	6574702	19.41	2172550	6/2/2015
金融行业20年经验，拍拍贷3经验年，综合考虑逾期率和投标量，策略自用。	中国大地	24	367406	85674	32896584	16.87	9331554	9/19/2016
先后8年投资多家网贷平台，最终全仓拍拍贷。虽然历经2017年的逾期风暴，但依然坚守拍拍不减仓，凭借自定义策略，收益稳步提升到19.5%！	乐拍	24	243229	6215	64694569	19.26	5695187	9/17/2017
本人投资拍拍贷多年，擅长数据分析，自定义投标经验丰富。通过多纬度来精选投资标的，从而大幅降低逾期率，提高收益。	yanglmsy	23	505860	111721	20842311	12.84	6503727	3/16/2016
与拍拍一同成长。	泡泡	23	287104	51692	652392	15.91	38667602	2/26/2012
金融行业，爱好投资理财，在良莠不齐的P2P中选择拍拍贷，自2017年开始投资，起步赔标比例大，逐步转为信标，探索投资经验，实现财富增长。	开心基金人	23	221387	37001	60654177	16.3	2117131	8/9/2017
分散投资	见龙在田	22	849261	375089	39914923	18.8	7939553	12/19/2016
11年资本市场投资经验，3年拍拍贷投资经验，平均年化收益》15%	dollar_zhang	22	248781	100295	9458491	16.51	4881552	10/7/2015
策略严选20次以上借款，0逾期，0流标，低待还，综合其他核心维度。本人长期投，保障高利息，同时每日投标量较高，实际到手年利息参考本人利息。	漠上雪	21	142566	48404	61945456	19.44	3784722	8/21/2017
不断探索，创就策略高峰[中国上海*国内著名企业数据技术专家]	邦哥	20	885929	97577	9590091	15.41	5409444	10/11/2015
资深投资者	极限挑战	19	220900	1771	697087	13.88	7600454	3/24/2012
从2015年接触拍拍贷开始，一直坚持投拍拍贷，经历了拍拍贷的危机与发展，也逐渐形成了稳健的投资风格，投资收益一直保持稳定高收益。	sinmo	19	197108	181876	3637194	17.1	3937998	9/11/2014
来到拍拍贷两年多了，经过自己的不断摸索，对散标投资有了一定的经验和心得，并且也取得了不错的收益，希望通过策略可以给投资经验不足的小伙伴一点帮助。	雨中客	19	155157	61736	21538174	17.57	2449079	3/30/2016
高学历低逾期	佛爷御应	18	582111	201724	61590795	21.91	16055196	8/18/2017
软件工程师，职业投资人	剑寒	18	278440	42648	34107489	19.91	11319312	10/6/2016
加入拍拍贷8年，多年拍拍投资经验，本人IT男，善于数据分析来判断标的风险，由于之前陪标比较多综合收益不高，不过信标保持稳定收益。	webstag	18	142941	44035	192856	15.56	2750841	1/22/2010
专注网贷投资3年，爱好数据分析，长期跟踪拍拍贷交易数据。致力于寻找长期稳定、高收益策略。	Dr李	18	66929	9772	5063247	15.63	4649618	1/23/2015
本人投资拍拍贷多年，适应形势变化，研究和挖掘优质信用标，积累了一定的投标经验和数据，累计年化收益率较高。	吉祥	17	2156732	119074	9930100	12.92	7264437	10/21/2015
28万次信用标投标经验	深蓝	17	929177	576626	7494798	14.1	54207647	7/24/2015
喜欢拍拍贷	华丽的鱼	17	915833	736787	36524404	16.45	30792303	11/6/2016
注重高学历，低逾期的投标策略，收益理想	盆满钵盈	16	461338	373862	38238787	13.41	16028244	11/27/2016
北京大学，自由投资人，基于大数据优化策略，力图降低坏账率，提高收益率，投资本金120万，年化收益率处于较满意水平。	茱丽叶	16	274967	39946	38720015	20.39	6626466	12/3/2016
"2012年开始投资网贷,至今无爆雷,一直追求安全和稳固的高收益,希望通过复利奔向财务自由."	逍遥	16	214640	67329	46634945	15.9	2486414	3/12/2017
投资拍拍贷已经好几年了，大数据好策略收益稳定！ 每月策略优化，不断提高收益降低逾期！	天长地久	16	13030	0	5309109	18.19	2041967	2/26/2015
多年金融资产管理工作经验，擅长数据分析、风险把控，深入策略研究，作风稳健，选标严谨，追求长期稳定的16+收益。	平淡素白	15	501226	349355	52200017	16.36	3593235	5/14/2017
16年开始投资拍拍贷，坚持数据分析，维度筛选，追求稳定收益。	麒麟	15	290751	141846	33613856	16.75	3545397	9/28/2016
几年前开始投资p2p理财，最后集中资金到拍拍贷，经过几年在拍拍贷这个大数据基础上总结出自己的小数据，在这里投资是要求有一定技术的，了解国家政策，重视选择合规平台，规避坏账，轻视逾期，追求高利率。	安全利益最大	14	168196	158472	16823238	17.37	19744588	12/8/2015
p2p投资经验已有十年，16年开始投资拍拍贷，拍拍贷最多时候投资2000万，去年底撤出拍拍贷规避大面积逾期，今年又重新进入。	老马	12	158087	85840	23093413	16.11	64340735	4/27/2016
投资拍拍贷一年半，热爱金融投资，擅长数据分析，善于总结规律。投资拍拍信用标一年余，总结出一套行之有效的选标方法，取得满意收益。	风云一号	12	70090	18934	57987907	18.22	5040510	7/12/2017
投资P2P很多年	几米阳光	12	43364	14583	8723143	15.4	9626366	9/12/2015
本人潜入大量借款人群，潜心研究借款心理学，与坏账的影响因子，通过5年的数据验证，能有效控制风险。得人心者，得天下。	读心术	11	282628	56827	2063317	14.85	5138732	6/1/2014
我抄期货十几年，体验到金融行业的风险和艰辛，从2015年起涉足P2P理财行业，P2P理财，风险可控，门槛低，收益还可观，我已经喜欢上这个行业了，现在全心关注拍拍贷研究，来实现我的P2P理财之旅。	心随风飞	11	70076	20490	48482034	16.18	5221745	4/1/2017
投资拍拍贷三年多，摸索出收益比较稳定的策略	风雨兼程	11	64124	16002	5056004	18.68	9616195	1/22/2015
投资拍拍贷2年，取得了不错的收益	睿智老太	10	173299	26028	61995434	13.8	2543623	8/22/2017
拍拍2年，通过不断学习，总结了一些策略，供大家使用。	南无	10	139419	70150	41189744	12.68	9428217	1/3/2017
为扎稳打，不急不躁。	江户川奶龙	10	96021	42121	4683777	13.89	7055869	12/17/2014
在稳健安全的前提下追求收益最大化。	自由	10	46484	10538	45067338	14.67	3273780	2/23/2017
高度认同拍拍贷普惠金融的经营理念，注册三年来累计投资千万，年均收益率18%以上，愿与大家共创美好生活。	东风一号	9	386210	250616	7306334	14.86	9118780	7/15/2015
5年投资经验，思路明确，收益稳定。	阿觉	9	382049	301407	7214301	16.99	43310390	7/10/2015
拍拍新人一枚，愿同广大拍友相互学习，共同进步~	赞美太阳	9	165826	43804	45056424	13.72	13182503	2/23/2017
从事银行工作多年，有丰富的理财经验，善于规避风险	财务自由	8	167179	64553	48282091	17.11	4550102	3/29/2017
入行5年了	可惜投晚了	8	164115	54401	8786905	15.38	14460387	9/14/2015
三年大资金操作经验	无锡拍拍友	8	103299	6787	41713153	14.23	15575284	1/9/2017
南国有佳人，容华若桃李。朝游江北岸，夕宿潇湘b。	程灵素	8	100234	9755	65860479	23.41	2439286	9/28/2017
投资拍拍3年，收益颇丰，相信我，你也能做到。	ELLA	8	29178	4290	35498178	13.73	3159434	10/24/2016
本人性格开朗，工作勤奋，学习刻苦认真，愿意参加各种社会活动，锻炼吃苦耐劳的能力，并从工作中体会到乐趣，尽心尽力。	芝麻开花	8	17761	0	7477589	13.12	21521006	7/23/2015
投资拍拍贷三年多，已经走完标数14万，正投标数7万，累计收益16%	清晨的香	7	266421	0	9813521	16.16	32800174	10/18/2015
投资拍拍贷一年半，一直信标，收益不错	最爱皖南	7	147051	28060	43573578	18.23	2600817	2/4/2017
追求收益与风险均衡.	山海浓情	7	95753	71347	43142522	17.67	2678355	1/24/2017
p2p投资10年+	潘多拉的宝剑	7	82703	32824	21508114	13.61	2887447	3/29/2016
只做信用标，能够严格控制逾期率，本着自己的良心，为大家提供优质的策略，	尘兮	7	25141	8999	53050311	18.56	2407454	5/23/2017
20年理财经历，7年P2P。坚守一颗执着的心，梦想，终会吹响人生的集结号。拍拍贷，敬，不甘平凡的我们！每个人心中都有一个拍拍贷！	见微知著	7	22700	19090	52393526	15.69	2338050	5/16/2017
知名互联网公司研发总监，5年以上网贷投资经验，资金投入超200万，投资过十个以上平台，撸过羊毛，也踩过雷。散于总结经验，通过大数据分析和亲自实践，严控风险，追求收益最大化，期待投资收益率超过18%。	钱多多	6	543975	400	5799857	15.21	2074879	4/10/2015
坚持长期投资	黑暗	6	368443	327832	736782	12.56	27804897	4/19/2012
本人领投，控制逾期为首要原则	双赢	6	27331	10370	17531965	14.91	3637640	12/25/2015
本人在拍拍贷注册并投资时间超过5年，操作投资资金超千万，拥有可观的投资数据（就是花钱买的教训，呵呵）现有投资策略皆为根据教训及时间累积而成，无他。	百叶莲花	5	331918	94048	1083429	14.8	31518096	6/26/2013
多年P2P投资经验	巴山	5	297514	134122	48282277	15.69	4982492	3/29/2017
投资经验2年，收益率15%左右。	BbqYee	5	19620	9670	21210149	18.11	4966550	3/23/2016
努力一下，年化16%还是可以达到的。	无涯	4	394891	188233	58083981	16.51	5619562	7/13/2017
本人从事IT工作十余年，从2010年开始进行网贷投资，拍拍贷投资也超过3年，热衷大数据分析。希望能与大家共享更高收益策略！	骑猫打老虎	4	124411	40959	22476677	16.11	8199744	4/16/2016
秋风无痕，故事有情，大家在拍拍共同奋斗。	秋风无痕	4	97640	75870	18301094	17.8	8042855	1/12/2016
在风险中寻找高收益低风险	海南大兵	4	30328	0	1858904	20.03	6974378	5/5/2014
拍拍贷资深投资人，专注信用标投资，有经过完整周期检验过的完善策略，收益高，波动小，欢迎使用！ 	秦时明月	4	6440	0	23961106	12.14	6207824	5/12/2016
网贷多年，有收获也受损失，不断体验并寻找真正稳健发展的P2P平台，最终落脚拍拍贷。希望在这里获得较好收益，与拍拍贷一起成长。	一盏清茶	4	4570	0	34212536	16.56	5486566	10/8/2016
10年投资经验，穿越多个经济周期，用最小风险获取最大收益	走过亿万年	3	83660	0	48790331	18.23	3194679	4/4/2017
13年接触网贷，16年投资拍拍贷，投资金额超百万，注重个人信用贷款各项数据分析，严控风险，减少波动性。	西村电棍	3	14745	7080	41463528	17.06	5094516	1/6/2017
本科毕业，企业高管，投资拍拍贷几年了，以前也投过股票和基金，比较而言，对拍拍贷很满意！收益不低，现金流好。设计个策略自动投更爽！	耕耘	3	12592	1242	18572036	13.78	22994943	1/17/2016
精心研究，创造佳绩！	露莉	3	4110	1300	16822962	13.61	3010730	12/8/2015
闲庭信步，严控风险	孤云轻步	2	1700	0	29001867	16.85	5300287	7/27/2016
2017年开始拍拍贷，信标金额上百万	小试牛刀	2	1120	120	41056885	15.76	4074616	1/1/2017
2012年加入拍拍贷，见证了拍拍贷的发展历程，经历了投资安全标到淘宝标、慧聪标、线下考察标到赔标，又到信标，现在大部分资金投入信用标。坚持理性、长线、稳健的投资策略。	画语	1	3500	0	858284	13.1	20703554	9/20/2012
向钱进，向钱进，向钱进！	鲤鱼奔龙门	1	950	0	1443918	10.2	186671	1/13/2014
2015年接触上海拍拍贷，投资最初金额3万元左右，现在投资金额是100万以上。主要投资信用标和小部分赔标及债权，效果很好。	sgxdl	1	440	0	9362367	17.37	3810367	10/3/2015
一直努力用最稳妥的方式获得最大的收益	周氏投行	1	300	0	34280312	15.69	2547404	10/9/2016
复旦大学计算机科学系毕业，有十多年投资经验， 在拍拍贷平台投资和研究散标有四年多，累积投资已过千万。 利用大数据分析精选制定策略，在控制好风险的前提下追求高收益。	felix	0	0	0	1560856	14.23	13303816	3/1/2014
多年投标经验，运行2年以上的策略，现在和大家分享！	兔子	0	0	0	22030107	15.68	5333407	4/8/2016
一个有追求，有理想的人	rabbit	0	0	0	4588061	13.92	39352930	12/7/2014
男，1981.1月出生，国企职工，有3年散标投资经验	收获满满	0	0	0	20617504	14.72	3329827	3/11/2016
近十年金融实操经验，拍拍贷作为风险对冲手段有五年投资经验，大数据分析收益稳定，低逾期高收益。	全景金融	0	0	0	22584353	14.34	7752681	4/18/2016
2014年2月投资拍拍贷以来，通过大数据和多维度分析，排除了逾期标，更加细化了自己的投标策略，精选985名校的全日制本科、研究生优质标，实现了非常好的投资收益，得到了稳妥，丰厚的投资快乐。	快乐投资	0	0	0	1531429	14.51	5050615	2/21/2014
拍拍贷出借人	zqf163	0	0	0	6315048	13.93	6550392	5/16/2015
2015年投资拍拍贷，大部分资产投资于此，小赚百余万！	疏雨残烟	0	0	0	4780587	13.59	24094625	12/27/2014
借款人能否还款，才是王道。2012年开始投资拍拍贷，见证了拍拍贷每一个重要的转折与改变。教育学心理学双学士，专致演绎借款人的年龄层次与心理结构。挑出违约成本高的群体，就是优质的借款人。	夜无音	0	0	0	895796	16.48	6254047	10/29/2012
计算机专业背景，擅长数据分析。	傲霜枝	0	0	0	1371721	16.72	5404884	12/18/2013
持之以恒拍拍4年，从小到大，26万净收益，20以上收益很平常。	希伯来人	0	0	0	1083731	15.27	5526969	6/26/2013
多年金融投资经验，曾作为嘉宾参加重庆时报理财沙龙，曾每周一做客经济广播电台理财栏目讲解基金理财！	浅唱流年	0	0	0	4843355	11.56	441546	1/3/2015
埋头赚钱	Leona	0	0	0	7723886	11.7	1540158	8/4/2015
陪标策略，稳挣不赔。跟着我，带你发财	钱海茫茫	0	0	0	36246383	9.14	36906	11/3/2016
投资拍拍二年，喜欢拍拍模式	伴随着你	0	0	0	15190387	17.4	10651134	10/28/2015
用数据分析，让数据说话	西海岸	0	0	0	29591935	16.26	3988174	8/4/2016
投资以来一直长期坚持自定义选标，投标维度紧随行情调整，侧重数据分析，追求投资风险和回报比重控制，保证了最大收益率和资金利用率的动态平衡，获得了较高的稳定收益。希望大家支持。	奔跑吧蜗牛君	0	0	0	29782401	16.03	5352332	8/7/2016
希望长期投资拍拍贷，复利超过15%	小高	0	0	0	47494802	16.57	3467321	3/21/2017
通过不断学习，深入挖掘数据价值	心尘	0	0	0	63015834	17.22	2292627	9/1/2017
投资拍拍贷四年的，累计投资金额500万，已收益50万，我还会一直投资下去不离不弃。	厚德载物	0	0	0	5169826	13.76	5201646	2/5/2015
2015年开始投资拍拍贷，一直坚持投信用标，至今已经3年了，自己研究的策略收益率一直稳定在18左右，相信我的策略能让你的收益更高	旅行者	0	0	0	15911600	16.42	3694206	11/16/2015
一线战斗员	乖娃娃	0	0	0	26234313	14.38	4381378	6/16/2016
本人投资拍拍贷已有近三年时间，对策略颇有研究，收益颇丰。	海阔天空	0	0	0	22366156	15.38	8155576	4/14/2016
投资股票，债券，期货超过20年，追求稳定高收益	爱拍123	0	0	0	24253172	16.27	14712132	5/17/2016
投资拍拍贷4年，投资网贷5年的资深投资客。985名校投资方向硕士，涉猎股市、房市、私募股权等投资市场多年。喜欢探索拍拍贷隐藏的奥秘。	野象	0	0	0	2543097	15.4	19299914	7/28/2014
六年P2P投资经验，四年拍拍贷经历。追求风险与收益平衡策略。	moransun	0	0	0	4383484	14.94	3719958	11/16/2014
接触拍拍贷一千余天，不断学习，不断调整，直到爱不释手。	降龙十八掌	0			8436497	21.5	2493617	9/2/2015
佛系投资者	dcr0805	0			27845400	17.2	3264732	7/11/2016
长期从事拍拍贷投标，有数百万个人资金及长期投资经验。	行星	0			52611884	17.06	6553662	5/18/2017
专注散标投资	小亿	0			63878462	20.63	8013195	9/9/2017
注册三年了，玩过了各种平台，最终选择PPD，顺势而为，稳定大于一切	顺势而为	0			20073566	17.37	3844141	2/28/2016
接触P2P超过五年。2015年开投拍拍贷，投入本金200万，总借出交易额超过1000万，迄今收益年化率稳定在13%以上。投资理念是在确保本金的前提下，兼顾流动性，稳定追求高收益。不冒进，也不会保守，顺势而为。	蝈蝈	0			5151342	13.34	11542520	2/3/2015
15年开始投资拍拍贷，累计年化17%左右。	虚幻如梦	0			9876608	17.33	7276430	10/20/2015
拍拍贷投资将近两年，不冒险，不激进，稳中求胜。	飞飞哥哥	0			44180353	16.33	3361647	2/13/2017
多年拍拍贷投资经验，百分之九十以上信标投资，到目前总收益还有近十八。	笑笑	0			63099801	17.93	4103376	9/2/2017
"投资P2P多年，对拍拍贷个人信用标情有独钟,追求标量和收益的平衡。"	大刚	0			52862878	20.15	2063357	5/21/2017
投资拍拍贷6年，散标策略投资经验丰富，目前个人除去坏账累计年化长期维持18%以上。	天天向上	0			15015357	16.08	2669438	10/23/2015
长期开展金融管理，希望拓展投资渠道，相互学习投资技巧。	无极	0			37059291	16.33	9106801	11/12/2016
有责任心，有恒心，坚持长期投资，保持较好收益	逸云	0			48898012	22.95	3595775	4/5/2017
加入拍拍贷以来，手动，第三方策略，官方策略都用过，选标严谨，追求长期稳定的收益。	珍珍95	0			23674590	13.7	2216231	5/7/2016
拍拍贷多年散标投资经验，用大数据来精选好标。	大掌柜	0			9505791	16.95	7132395	10/8/2015
